URL,is_phishing,url_length,num_subdomains,num_digits,is_https,suspicious_tld_tier,score,classification,indicators
http://www.teramill.com,1,23,1,0,0,0,8,Suspicious,R12
http://www.f0519141.xsph.ru,1,27,2,7,0,0,8,Suspicious,R12
http://www.shprakserf.gq,1,24,1,0,0,1,28,Dangerous,R02;R12
https://service-mitld.firebaseapp.com/,1,38,1,0,1,0,0,Safe,
http://www.kuradox92.lima-city.de,1,33,2,2,0,0,8,Suspicious,R12
https://liuy-9a930.web.app/,1,27,1,4,1,0,0,Safe,
https://ipfs.io/ipfs/qmrvvyr84esa2assw9vvwupqjgsdn4c3dwkusfdwzdz3kn?clientid=noc@protocol.ai,1,92,0,7,1,0,30,Dangerous,R06;R08
http://att-103731-107123.weeblysite.com/,1,40,1,12,0,0,8,Suspicious,R12
https://hidok4f8zl.firebaseapp.com/,1,35,1,2,1,0,0,Safe,
http://www.ooguy.com,1,20,1,0,0,0,8,Suspicious,R12
http://www.fairytalesinc.com,1,28,1,0,0,0,8,Suspicious,R12
http://www.iuhjn.pplink.club,1,28,2,0,0,2,20,Dangerous,R03;R12
https://mechinchem-5cb8a.web.app/,1,33,1,2,1,0,0,Safe,
https://fb-restriction-case-97be5.web.app/,1,42,1,3,1,0,8,Suspicious,R13
https://pontosapontamentolu.com/gclid/=/c/?gclid=ishecabh95cvbhb1eiwagy6m4vn7url3tlj5m_nu__lcyj4n06pqquydbh-56148buwwbmv7k1qejboci-isjw5_kiq,1,140,0,19,1,0,10,Suspicious,R08
http://www.komaru.today,1,23,1,0,0,0,8,Suspicious,R12
https://dev-634536.pantheonsite.io/,1,35,1,6,1,0,0,Safe,
https://sabadonoappmagazine.com/,1,32,0,0,1,0,0,Safe,
http://www.nextraload.com,1,25,1,0,0,0,8,Suspicious,R12
https://topaka.cloud/ob52gtplj/18snwp,1,37,0,4,1,2,12,Suspicious,R03
https://metafb-tvz6efk.web.app/,1,31,1,1,1,0,0,Safe,
http://www.hesselawchambers.com,1,31,1,0,0,0,8,Suspicious,R12
http://www.httpzen.fairhash.org,1,31,2,0,0,0,8,Suspicious,R12
http://www.cjplogger.com,1,24,1,0,0,0,8,Suspicious,R12
http://www.erlegen.de,1,21,1,0,0,0,8,Suspicious,R12
http://www.f0535398.xsph.ru,1,27,2,7,0,0,8,Suspicious,R12
https://ggsexpole.web.app/,1,26,1,0,1,0,0,Safe,
https://s3.amazonaws.com/appforest_uf/f1678949673383x832048620362898600/index%20%284%29.html,1,92,1,39,1,0,38,Dangerous,R08;R10;R11
https://ormvoixregl1.firebaseapp.com/,1,37,1,1,1,0,0,Safe,
http://nmve.xyz/,1,16,0,0,0,2,20,Dangerous,R03;R12
http://www.maytheday.oss-ap-southeast-2.aliyuncs.com,1,52,3,1,0,0,28,Dangerous,R05;R12;R13
https://att-104164.weeblysite.com/,1,34,1,6,1,0,0,Safe,
http://tkmowpikuk.owl4fsrch.club/vnafvra97w/?q=3717065149&id=100,1,64,1,16,0,2,20,Dangerous,R03;R12
https://a04854e8-0cca-4b74-80e6-aacb14a4a5f7.id.repl.co,1,55,2,18,1,0,8,Suspicious,R13
https://auth-document-shared.datingg-voice.workers.dev/,1,55,2,0,1,0,13,Suspicious,R09b;R13
https://mail-service-100960.weeblysite.com/,1,43,1,6,1,0,0,Safe,
http://www.a0646498.xsph.ru,1,27,2,7,0,0,8,Suspicious,R12
https://helpadcase1002405739503874569.web.app/,1,46,1,19,1,0,0,Safe,
https://noxioussweetconnections.carisss.repl.co/,1,48,2,0,1,0,0,Safe,
http://www.jerode.ga,1,20,1,0,0,1,28,Dangerous,R02;R12
https://yrislfnb.qpoe.com/,1,26,1,0,1,0,0,Safe,
https://soah-b6mz-v.firebaseapp.com/,1,36,1,1,1,0,0,Safe,
https://www.dlrect-smtb.jp.ap1.ib.commetryx.com/ibg/client/index_sp.php,1,71,5,1,1,0,12,Suspicious,R05
http://www.b7a3a060b75c7dcba9c1078d4ead51f0dc.ws,1,48,1,17,0,2,28,Dangerous,R03;R12;R14
http://198.98.58.123/,1,21,0,10,0,0,33,Dangerous,R01;R12
https://ipfs.io/ipfs/bafybeidmmks6ka5vki6djnohox7mminfrzcjkw2mowpft7xtu2sjyxzi64/ufx!xch@,1,89,0,9,1,0,30,Dangerous,R06;R08
http://www.aresync.com,1,22,1,0,0,0,8,Suspicious,R12
http://www.jab.oss-ap-southeast-1.aliyuncs.com,1,46,3,1,0,0,28,Dangerous,R05;R12;R13
http://www.constructiongst.com,1,30,1,0,0,0,8,Suspicious,R12
http://www.westleyr.cf,1,22,1,0,0,1,28,Dangerous,R02;R12
https://www.southbankmosaics.com,0,32,1,0,1,0,5,Safe,R09b
https://www.uni-mainz.de,0,24,1,0,1,0,0,Safe,
https://www.voicefmradio.co.uk,0,30,1,0,1,0,0,Safe,
https://www.sfnmjournal.com,0,27,1,0,1,0,0,Safe,
https://www.rewildingargentina.org,0,34,1,0,1,0,0,Safe,
https://www.globalreporting.org,0,31,1,0,1,0,0,Safe,
https://www.saffronart.com,0,26,1,0,1,0,0,Safe,
https://www.nerdscandy.com,0,26,1,0,1,0,0,Safe,
https://www.hyderabadonline.in,0,30,1,0,1,0,0,Safe,
https://www.aap.org,0,19,1,0,1,0,0,Safe,
https://www.religionenlibertad.com,0,34,1,0,1,0,0,Safe,
https://www.socialpolicy.org,0,28,1,0,1,0,0,Safe,
https://www.aoh61.com,0,21,1,2,1,0,0,Safe,
https://www.bulgariaski.com,0,27,1,0,1,0,0,Safe,
https://www.brightika.com,0,25,1,0,1,0,0,Safe,
https://www.motley.ie,0,21,1,0,1,0,0,Safe,
https://www.funzine.hu,0,22,1,0,1,0,0,Safe,
https://www.dixxon.com,0,22,1,0,1,0,0,Safe,
https://www.ooty.ind.in,0,23,2,0,1,0,0,Safe,
https://www.cryptocompare.com,0,29,1,0,1,0,0,Safe,
https://www.diariodealmeria.es,0,30,1,0,1,0,0,Safe,
https://www.town.minamichita.lg.jp,0,34,3,0,1,0,12,Suspicious,R05
https://www.bwresearch.com,0,26,1,0,1,0,0,Safe,
https://www.musicvideoproduction.guru,0,37,1,0,1,0,0,Safe,
https://www.landed.com,0,22,1,0,1,0,0,Safe,
https://www.bikeseoul.com,0,25,1,0,1,0,0,Safe,
https://www.ibeani.co.uk,0,24,1,0,1,0,0,Safe,
https://www.metroretrovintage.com,0,33,1,0,1,0,0,Safe,
https://www.vysor.io,0,20,1,0,1,0,0,Safe,
https://www.salutlive.com,0,25,1,0,1,0,0,Safe,
https://www.recettessimples.fr,0,30,1,0,1,0,0,Safe,
https://www.ainewsletter.com,0,28,1,0,1,0,0,Safe,
https://www.marrugeku.com.au,0,28,1,0,1,0,0,Safe,
https://www.sweatdrop.com,0,25,1,0,1,0,0,Safe,
https://www.senacases.com,0,25,1,0,1,0,0,Safe,
https://www.vespatales.com,0,26,1,0,1,0,0,Safe,
https://www.klerk.ru,0,20,1,0,1,0,0,Safe,
https://www.karenmillen.com,0,27,1,0,1,0,0,Safe,
https://www.mlpack.org,0,22,1,0,1,0,0,Safe,
https://www.schmitzfotografia.com.br,0,36,1,0,1,0,0,Safe,
https://www.lanereport.com,0,26,1,0,1,0,0,Safe,
https://www.spg.pt,0,18,1,0,1,0,0,Safe,
https://www.coraevans.com,0,25,1,0,1,0,0,Safe,
https://www.torahmates.org,0,26,1,0,1,0,0,Safe,
https://www.larepublica.co,0,26,1,0,1,0,0,Safe,
https://www.pimpim.lt,0,21,1,0,1,0,0,Safe,
https://www.radware.com,0,23,1,0,1,0,0,Safe,
https://www.classfmonline.com,0,29,1,0,1,0,0,Safe,
https://www.cornerstoneinsurance.ca,0,35,1,0,1,0,0,Safe,
https://www.varzesh3.com,0,24,1,1,1,0,0,Safe,
