tld,n,legitimate,phishing,phishing_rate_%
.cf,1203,0,1203,100.0
.page,490,0,490,100.0
.gq,493,0,493,100.0
.top,2329,2,2327,99.9
.ml,995,1,994,99.9
.site,1482,5,1477,99.7
.ga,1111,4,1107,99.6
.link,1463,8,1455,99.5
.gd,327,3,324,99.1
.fun,378,4,374,98.9
.dev,2345,33,2312,98.6
.xyz,1473,25,1448,98.3
.tk,211,4,207,98.1
.ly,252,5,247,98.0
.cloud,401,9,392,97.8
.app,6508,140,6368,97.8
.work,249,6,243,97.6
.shop,401,16,385,96.0
.club,517,26,491,95.0
.live,310,18,292,94.2
.online,297,20,277,93.3
.co,5422,458,4964,91.6
.ws,351,32,319,90.9
.io,4201,432,3769,89.7
.me,1006,153,853,84.8
.cc,367,58,309,84.2
.biz,429,97,332,77.4
.ru,3875,892,2983,77.0
.ir,249,68,181,72.7
.id,802,242,560,69.8
.cn,993,303,690,69.5
.pl,1340,538,802,59.9
.info,1566,673,893,57.0
.vn,263,114,149,56.7
.ua,349,154,195,55.9
.cl,305,157,148,48.5
.net,7097,3998,3099,43.7
.mx,498,281,217,43.6
.com,112568,68785,43783,38.9
.in,1379,842,537,38.9
.us,1108,678,430,38.8
.br,1846,1193,653,35.4
.ar,357,233,124,34.7
.eu,980,695,285,29.1
.ro,549,390,159,29.0
.kr,295,212,83,28.1
.fr,1860,1366,494,26.6
.tr,363,269,94,25.9
.za,508,377,131,25.8
.pt,281,218,63,22.4
.my,217,171,46,21.2
.at,517,413,104,20.1
.hu,279,224,55,19.7
.es,705,577,128,18.2
.tw,225,185,40,17.8
.se,704,581,123,17.5
.de,3996,3310,686,17.2
.tv,277,232,45,16.2
.sg,274,235,39,14.2
.gr,500,437,63,12.6
.au,2979,2606,373,12.5
.org,18793,16524,2269,12.1
.it,1887,1669,218,11.6
.ch,560,497,63,11.2
.nl,1727,1536,191,11.1
.be,696,622,74,10.6
.nz,614,553,61,9.9
.dk,342,308,34,9.9
.cz,587,530,57,9.7
.il,283,256,27,9.5
.ca,1612,1502,110,6.8
.jp,2219,2082,137,6.2
.fi,323,304,19,5.9
.uk,6395,6073,322,5.0
.no,402,389,13,3.2
.ie,468,459,9,1.9
.edu,1861,1856,5,0.3
.gov,1276,1276,0,0.0
.mil,301,301,0,0.0
