T,TP,FP,FN,TN,precision,recall,f1,accuracy
1,73004,6206,27941,128644,0.9217,0.7232,0.8105,0.8552
5,73004,6206,27941,128644,0.9217,0.7232,0.8105,0.8552
8,70411,5377,30534,129473,0.9291,0.6975,0.7968,0.8477
10,32554,1342,68391,133508,0.9604,0.3225,0.4829,0.7043
12,28296,1340,72649,133510,0.9548,0.2803,0.4334,0.6862
15,23626,183,77319,134667,0.9923,0.234,0.3788,0.6713
18,21325,132,79620,134718,0.9938,0.2113,0.3484,0.6618
20,19052,20,81893,134830,0.999,0.1887,0.3175,0.6526
25,10842,8,90103,134842,0.9993,0.1074,0.194,0.6178
30,4992,1,95953,134849,0.9998,0.0495,0.0942,0.5931
35,2321,0,98624,134850,1.0,0.023,0.045,0.5817
40,1435,0,99510,134850,1.0,0.0142,0.028,0.578
50,804,0,100141,134850,1.0,0.008,0.0158,0.5753
61,535,0,100410,134850,1.0,0.0053,0.0105,0.5742
