,gini_importance
is_https,0.38072
path_length,0.22977
num_digits,0.07235
digit_ratio,0.06634
url_length,0.06534
suspicious_tld_tier,0.02553
num_path_segments,0.02473
num_subdomains,0.02469
num_hyphens_domain,0.02246
domain_entropy,0.02068
domain_length,0.01941
longest_path_segment,0.01341
num_dots,0.01335
domain_has_digits,0.00609
suspicious_keyword_count,0.00567
tld_length,0.00439
brand_impersonation,0.00199
trusted_tld,0.00126
query_length,0.0007
num_query_params,0.00051
special_char_ratio,0.00023
num_special_chars,0.00016
num_equals,0.00015
is_punycode,5e-05
num_underscores,2e-05
num_ampersands,0.0
has_ip,0.0
has_at_symbol,0.0
double_slash_in_path,0.0
has_port,0.0
num_percent_encodings,0.0
encoding_ratio,0.0
no_scheme,0.0
